Time_Index,None,pacific_naturalgas,rockies_naturalgas,rockies_uranium,pacific_uranium,pacific_naturalgas_ccs90,pacific_naturalgas_ccs100,rockies_naturalgas_ccs90,rockies_naturalgas_ccs100
0,0.0,0.05306,0.05306,0.0,0.0,0.00531,0.0,0.00531,0.0
1,0.0,3.58,3.78,0.66,0.66,3.58,3.58,3.78,3.78
2,0.0,3.58,3.78,0.66,0.66,3.58,3.58,3.78,3.78
3,0.0,3.58,3.78,0.66,0.66,3.58,3.58,3.78,3.78
4,0.0,3.58,3.78,0.66,0.66,3.58,3.58,3.78,3.78
5,0.0,3.58,3.78,0.66,0.66,3.58,3.58,3.78,3.78
6,0.0,3.58,3.78,0.66,0.66,3.58,3.58,3.78,3.78
7,0.0,3.58,3.78,0.66,0.66,3.58,3.58,3.78,3.78
8,0.0,3.58,3.78,0.66,0.66,3.58,3.58,3.78,3.78
9,0.0,3.58,3.78,0.66,0.66,3.58,3.58,3.78,3.78
10,0.0,3.58,3.78,0.66,0.66,3.58,3.58,3.78,3.78
11,0.0,3.58,3.78,0.66,0.66,3.58,3.58,3.78,3.78
12,0.0,3.58,3.78,0.66,0.66,3.58,3.58,3.78,3.78
13,0.0,3.58,3.78,0.66,0.66,3.58,3.58,3.78,3.78
14,0.0,3.58,3.78,0.66,0.66,3.58,3.58,3.78,3.78
15,0.0,3.58,3.78,0.66,0.66,3.58,3.58,3.78,3.78
16,0.0,3.58,3.78,0.66,0.66,3.58,3.58,3.78,3.78
17,0.0,3.58,3.78,0.66,0.66,3.58,3.58,3.78,3.78
18,0.0,3.58,3.78,0.66,0.66,3.58,3.58,3.78,3.78
19,0.0,3.58,3.78,0.66,0.66,3.58,3.58,3.78,3.78
20,0.0,3.58,3.78,0.66,0.66,3.58,3.58,3.78,3.78
21,0.0,3.58,3.78,0.66,0.66,3.58,3.58,3.78,3.78
22,0.0,3.58,3.78,0.66,0.66,3.58,3.58,3.78,3.78
23,0.0,3.58,3.78,0.66,0.66,3.58,3.58,3.78,3.78
24,0.0,3.58,3.78,0.66,0.66,3.58,3.58,3.78,3.78
25,0.0,3.58,3.78,0.66,0.66,3.58,3.58,3.78,3.78
26,0.0,3.58,3.78,0.66,0.66,3.58,3.58,3.78,3.78
27,0.0,3.58,3.78,0.66,0.66,3.58,3.58,3.78,3.78
28,0.0,3.58,3.78,0.66,0.66,3.58,3.58,3.78,3.78
29,0.0,3.58,3.78,0.66,0.66,3.58,3.58,3.78,3.78
30,0.0,3.58,3.78,0.66,0.66,3.58,3.58,3.78,3.78
31,0.0,3.58,3.78,0.66,0.66,3.58,3.58,3.78,3.78
32,0.0,3.58,3.78,0.66,0.66,3.58,3.58,3.78,3.78
33,0.0,3.58,3.78,0.66,0.66,3.58,3.58,3.78,3.78
34,0.0,3.58,3.78,0.66,0.66,3.58,3.58,3.78,3.78
35,0.0,3.58,3.78,0.66,0.66,3.58,3.58,3.78,3.78
36,0.0,3.58,3.78,0.66,0.66,3.58,3.58,3.78,3.78
37,0.0,3.58,3.78,0.66,0.66,3.58,3.58,3.78,3.78
38,0.0,3.58,3.78,0.66,0.66,3.58,3.58,3.78,3.78
39,0.0,3.58,3.78,0.66,0.66,3.58,3.58,3.78,3.78
40,0.0,3.58,3.78,0.66,0.66,3.58,3.58,3.78,3.78
41,0.0,3.58,3.78,0.66,0.66,3.58,3.58,3.78,3.78
42,0.0,3.58,3.78,0.66,0.66,3.58,3.58,3.78,3.78
43,0.0,3.58,3.78,0.66,0.66,3.58,3.58,3.78,3.78
44,0.0,3.58,3.78,0.66,0.66,3.58,3.58,3.78,3.78
45,0.0,3.58,3.78,0.66,0.66,3.58,3.58,3.78,3.78
46,0.0,3.58,3.78,0.66,0.66,3.58,3.58,3.78,3.78
47,0.0,3.58,3.78,0.66,0.66,3.58,3.58,3.78,3.78
48,0.0,3.58,3.78,0.66,0.66,3.58,3.58,3.78,3.78
49,0.0,3.58,3.78,0.66,0.66,3.58,3.58,3.78,3.78
50,0.0,3.58,3.78,0.66,0.66,3.58,3.58,3.78,3.78
51,0.0,3.58,3.78,0.66,0.66,3.58,3.58,3.78,3.78
52,0.0,3.58,3.78,0.66,0.66,3.58,3.58,3.78,3.78
53,0.0,3.58,3.78,0.66,0.66,3.58,3.58,3.78,3.78
54,0.0,3.58,3.78,0.66,0.66,3.58,3.58,3.78,3.78
55,0.0,3.58,3.78,0.66,0.66,3.58,3.58,3.78,3.78
56,0.0,3.58,3.78,0.66,0.66,3.58,3.58,3.78,3.78
57,0.0,3.58,3.78,0.66,0.66,3.58,3.58,3.78,3.78
58,0.0,3.58,3.78,0.66,0.66,3.58,3.58,3.78,3.78
59,0.0,3.58,3.78,0.66,0.66,3.58,3.58,3.78,3.78
60,0.0,3.58,3.78,0.66,0.66,3.58,3.58,3.78,3.78
61,0.0,3.58,3.78,0.66,0.66,3.58,3.58,3.78,3.78
62,0.0,3.58,3.78,0.66,0.66,3.58,3.58,3.78,3.78
63,0.0,3.58,3.78,0.66,0.66,3.58,3.58,3.78,3.78
64,0.0,3.58,3.78,0.66,0.66,3.58,3.58,3.78,3.78
65,0.0,3.58,3.78,0.66,0.66,3.58,3.58,3.78,3.78
66,0.0,3.58,3.78,0.66,0.66,3.58,3.58,3.78,3.78
67,0.0,3.58,3.78,0.66,0.66,3.58,3.58,3.78,3.78
68,0.0,3.58,3.78,0.66,0.66,3.58,3.58,3.78,3.78
69,0.0,3.58,3.78,0.66,0.66,3.58,3.58,3.78,3.78
70,0.0,3.58,3.78,0.66,0.66,3.58,3.58,3.78,3.78
71,0.0,3.58,3.78,0.66,0.66,3.58,3.58,3.78,3.78
72,0.0,3.58,3.78,0.66,0.66,3.58,3.58,3.78,3.78
73,0.0,3.58,3.78,0.66,0.66,3.58,3.58,3.78,3.78
74,0.0,3.58,3.78,0.66,0.66,3.58,3.58,3.78,3.78
75,0.0,3.58,3.78,0.66,0.66,3.58,3.58,3.78,3.78
76,0.0,3.58,3.78,0.66,0.66,3.58,3.58,3.78,3.78
77,0.0,3.58,3.78,0.66,0.66,3.58,3.58,3.78,3.78
78,0.0,3.58,3.78,0.66,0.66,3.58,3.58,3.78,3.78
79,0.0,3.58,3.78,0.66,0.66,3.58,3.58,3.78,3.78
80,0.0,3.58,3.78,0.66,0.66,3.58,3.58,3.78,3.78
81,0.0,3.58,3.78,0.66,0.66,3.58,3.58,3.78,3.78
82,0.0,3.58,3.78,0.66,0.66,3.58,3.58,3.78,3.78
83,0.0,3.58,3.78,0.66,0.66,3.58,3.58,3.78,3.78
84,0.0,3.58,3.78,0.66,0.66,3.58,3.58,3.78,3.78
85,0.0,3.58,3.78,0.66,0.66,3.58,3.58,3.78,3.78
86,0.0,3.58,3.78,0.66,0.66,3.58,3.58,3.78,3.78
87,0.0,3.58,3.78,0.66,0.66,3.58,3.58,3.78,3.78
88,0.0,3.58,3.78,0.66,0.66,3.58,3.58,3.78,3.78
89,0.0,3.58,3.78,0.66,0.66,3.58,3.58,3.78,3.78
90,0.0,3.58,3.78,0.66,0.66,3.58,3.58,3.78,3.78
91,0.0,3.58,3.78,0.66,0.66,3.58,3.58,3.78,3.78
92,0.0,3.58,3.78,0.66,0.66,3.58,3.58,3.78,3.78
93,0.0,3.58,3.78,0.66,0.66,3.58,3.58,3.78,3.78
94,0.0,3.58,3.78,0.66,0.66,3.58,3.58,3.78,3.78
95,0.0,3.58,3.78,0.66,0.66,3.58,3.58,3.78,3.78
96,0.0,3.58,3.78,0.66,0.66,3.58,3.58,3.78,3.78
97,0.0,3.58,3.78,0.66,0.66,3.58,3.58,3.78,3.78
98,0.0,3.58,3.78,0.66,0.66,3.58,3.58,3.78,3.78
99,0.0,3.58,3.78,0.66,0.66,3.58,3.58,3.78,3.78
100,0.0,3.58,3.78,0.66,0.66,3.58,3.58,3.78,3.78
101,0.0,3.58,3.78,0.66,0.66,3.58,3.58,3.78,3.78
102,0.0,3.58,3.78,0.66,0.66,3.58,3.58,3.78,3.78
103,0.0,3.58,3.78,0.66,0.66,3.58,3.58,3.78,3.78
104,0.0,3.58,3.78,0.66,0.66,3.58,3.58,3.78,3.78
105,0.0,3.58,3.78,0.66,0.66,3.58,3.58,3.78,3.78
106,0.0,3.58,3.78,0.66,0.66,3.58,3.58,3.78,3.78
107,0.0,3.58,3.78,0.66,0.66,3.58,3.58,3.78,3.78
108,0.0,3.58,3.78,0.66,0.66,3.58,3.58,3.78,3.78
109,0.0,3.58,3.78,0.66,0.66,3.58,3.58,3.78,3.78
110,0.0,3.58,3.78,0.66,0.66,3.58,3.58,3.78,3.78
111,0.0,3.58,3.78,0.66,0.66,3.58,3.58,3.78,3.78
112,0.0,3.58,3.78,0.66,0.66,3.58,3.58,3.78,3.78
113,0.0,3.58,3.78,0.66,0.66,3.58,3.58,3.78,3.78
114,0.0,3.58,3.78,0.66,0.66,3.58,3.58,3.78,3.78
115,0.0,3.58,3.78,0.66,0.66,3.58,3.58,3.78,3.78
116,0.0,3.58,3.78,0.66,0.66,3.58,3.58,3.78,3.78
117,0.0,3.58,3.78,0.66,0.66,3.58,3.58,3.78,3.78
118,0.0,3.58,3.78,0.66,0.66,3.58,3.58,3.78,3.78
119,0.0,3.58,3.78,0.66,0.66,3.58,3.58,3.78,3.78
120,0.0,3.58,3.78,0.66,0.66,3.58,3.58,3.78,3.78
121,0.0,3.58,3.78,0.66,0.66,3.58,3.58,3.78,3.78
122,0.0,3.58,3.78,0.66,0.66,3.58,3.58,3.78,3.78
123,0.0,3.58,3.78,0.66,0.66,3.58,3.58,3.78,3.78
124,0.0,3.58,3.78,0.66,0.66,3.58,3.58,3.78,3.78
125,0.0,3.58,3.78,0.66,0.66,3.58,3.58,3.78,3.78
126,0.0,3.58,3.78,0.66,0.66,3.58,3.58,3.78,3.78
127,0.0,3.58,3.78,0.66,0.66,3.58,3.58,3.78,3.78
128,0.0,3.58,3.78,0.66,0.66,3.58,3.58,3.78,3.78
129,0.0,3.58,3.78,0.66,0.66,3.58,3.58,3.78,3.78
130,0.0,3.58,3.78,0.66,0.66,3.58,3.58,3.78,3.78
131,0.0,3.58,3.78,0.66,0.66,3.58,3.58,3.78,3.78
132,0.0,3.58,3.78,0.66,0.66,3.58,3.58,3.78,3.78
133,0.0,3.58,3.78,0.66,0.66,3.58,3.58,3.78,3.78
134,0.0,3.58,3.78,0.66,0.66,3.58,3.58,3.78,3.78
135,0.0,3.58,3.78,0.66,0.66,3.58,3.58,3.78,3.78
136,0.0,3.58,3.78,0.66,0.66,3.58,3.58,3.78,3.78
137,0.0,3.58,3.78,0.66,0.66,3.58,3.58,3.78,3.78
138,0.0,3.58,3.78,0.66,0.66,3.58,3.58,3.78,3.78
139,0.0,3.58,3.78,0.66,0.66,3.58,3.58,3.78,3.78
140,0.0,3.58,3.78,0.66,0.66,3.58,3.58,3.78,3.78
141,0.0,3.58,3.78,0.66,0.66,3.58,3.58,3.78,3.78
142,0.0,3.58,3.78,0.66,0.66,3.58,3.58,3.78,3.78
143,0.0,3.58,3.78,0.66,0.66,3.58,3.58,3.78,3.78
144,0.0,3.58,3.78,0.66,0.66,3.58,3.58,3.78,3.78
145,0.0,3.58,3.78,0.66,0.66,3.58,3.58,3.78,3.78
146,0.0,3.58,3.78,0.66,0.66,3.58,3.58,3.78,3.78
147,0.0,3.58,3.78,0.66,0.66,3.58,3.58,3.78,3.78
148,0.0,3.58,3.78,0.66,0.66,3.58,3.58,3.78,3.78
149,0.0,3.58,3.78,0.66,0.66,3.58,3.58,3.78,3.78
150,0.0,3.58,3.78,0.66,0.66,3.58,3.58,3.78,3.78
151,0.0,3.58,3.78,0.66,0.66,3.58,3.58,3.78,3.78
152,0.0,3.58,3.78,0.66,0.66,3.58,3.58,3.78,3.78
153,0.0,3.58,3.78,0.66,0.66,3.58,3.58,3.78,3.78
154,0.0,3.58,3.78,0.66,0.66,3.58,3.58,3.78,3.78
155,0.0,3.58,3.78,0.66,0.66,3.58,3.58,3.78,3.78
156,0.0,3.58,3.78,0.66,0.66,3.58,3.58,3.78,3.78
157,0.0,3.58,3.78,0.66,0.66,3.58,3.58,3.78,3.78
158,0.0,3.58,3.78,0.66,0.66,3.58,3.58,3.78,3.78
159,0.0,3.58,3.78,0.66,0.66,3.58,3.58,3.78,3.78
160,0.0,3.58,3.78,0.66,0.66,3.58,3.58,3.78,3.78
161,0.0,3.58,3.78,0.66,0.66,3.58,3.58,3.78,3.78
162,0.0,3.58,3.78,0.66,0.66,3.58,3.58,3.78,3.78
163,0.0,3.58,3.78,0.66,0.66,3.58,3.58,3.78,3.78
164,0.0,3.58,3.78,0.66,0.66,3.58,3.58,3.78,3.78
165,0.0,3.58,3.78,0.66,0.66,3.58,3.58,3.78,3.78
166,0.0,3.58,3.78,0.66,0.66,3.58,3.58,3.78,3.78
167,0.0,3.58,3.78,0.66,0.66,3.58,3.58,3.78,3.78
168,0.0,3.58,3.78,0.66,0.66,3.58,3.58,3.78,3.78
169,0.0,3.58,3.78,0.66,0.66,3.58,3.58,3.78,3.78
170,0.0,3.58,3.78,0.66,0.66,3.58,3.58,3.78,3.78
171,0.0,3.58,3.78,0.66,0.66,3.58,3.58,3.78,3.78
172,0.0,3.58,3.78,0.66,0.66,3.58,3.58,3.78,3.78
173,0.0,3.58,3.78,0.66,0.66,3.58,3.58,3.78,3.78
174,0.0,3.58,3.78,0.66,0.66,3.58,3.58,3.78,3.78
175,0.0,3.58,3.78,0.66,0.66,3.58,3.58,3.78,3.78
176,0.0,3.58,3.78,0.66,0.66,3.58,3.58,3.78,3.78
177,0.0,3.58,3.78,0.66,0.66,3.58,3.58,3.78,3.78
178,0.0,3.58,3.78,0.66,0.66,3.58,3.58,3.78,3.78
179,0.0,3.58,3.78,0.66,0.66,3.58,3.58,3.78,3.78
180,0.0,3.58,3.78,0.66,0.66,3.58,3.58,3.78,3.78
181,0.0,3.58,3.78,0.66,0.66,3.58,3.58,3.78,3.78
182,0.0,3.58,3.78,0.66,0.66,3.58,3.58,3.78,3.78
183,0.0,3.58,3.78,0.66,0.66,3.58,3.58,3.78,3.78
184,0.0,3.58,3.78,0.66,0.66,3.58,3.58,3.78,3.78
185,0.0,3.58,3.78,0.66,0.66,3.58,3.58,3.78,3.78
186,0.0,3.58,3.78,0.66,0.66,3.58,3.58,3.78,3.78
187,0.0,3.58,3.78,0.66,0.66,3.58,3.58,3.78,3.78
188,0.0,3.58,3.78,0.66,0.66,3.58,3.58,3.78,3.78
189,0.0,3.58,3.78,0.66,0.66,3.58,3.58,3.78,3.78
190,0.0,3.58,3.78,0.66,0.66,3.58,3.58,3.78,3.78
191,0.0,3.58,3.78,0.66,0.66,3.58,3.58,3.78,3.78
192,0.0,3.58,3.78,0.66,0.66,3.58,3.58,3.78,3.78
193,0.0,3.58,3.78,0.66,0.66,3.58,3.58,3.78,3.78
194,0.0,3.58,3.78,0.66,0.66,3.58,3.58,3.78,3.78
195,0.0,3.58,3.78,0.66,0.66,3.58,3.58,3.78,3.78
196,0.0,3.58,3.78,0.66,0.66,3.58,3.58,3.78,3.78
197,0.0,3.58,3.78,0.66,0.66,3.58,3.58,3.78,3.78
198,0.0,3.58,3.78,0.66,0.66,3.58,3.58,3.78,3.78
199,0.0,3.58,3.78,0.66,0.66,3.58,3.58,3.78,3.78
200,0.0,3.58,3.78,0.66,0.66,3.58,3.58,3.78,3.78
201,0.0,3.58,3.78,0.66,0.66,3.58,3.58,3.78,3.78
202,0.0,3.58,3.78,0.66,0.66,3.58,3.58,3.78,3.78
203,0.0,3.58,3.78,0.66,0.66,3.58,3.58,3.78,3.78
204,0.0,3.58,3.78,0.66,0.66,3.58,3.58,3.78,3.78
205,0.0,3.58,3.78,0.66,0.66,3.58,3.58,3.78,3.78
206,0.0,3.58,3.78,0.66,0.66,3.58,3.58,3.78,3.78
207,0.0,3.58,3.78,0.66,0.66,3.58,3.58,3.78,3.78
208,0.0,3.58,3.78,0.66,0.66,3.58,3.58,3.78,3.78
209,0.0,3.58,3.78,0.66,0.66,3.58,3.58,3.78,3.78
210,0.0,3.58,3.78,0.66,0.66,3.58,3.58,3.78,3.78
211,0.0,3.58,3.78,0.66,0.66,3.58,3.58,3.78,3.78
212,0.0,3.58,3.78,0.66,0.66,3.58,3.58,3.78,3.78
213,0.0,3.58,3.78,0.66,0.66,3.58,3.58,3.78,3.78
214,0.0,3.58,3.78,0.66,0.66,3.58,3.58,3.78,3.78
215,0.0,3.58,3.78,0.66,0.66,3.58,3.58,3.78,3.78
216,0.0,3.58,3.78,0.66,0.66,3.58,3.58,3.78,3.78
217,0.0,3.58,3.78,0.66,0.66,3.58,3.58,3.78,3.78
218,0.0,3.58,3.78,0.66,0.66,3.58,3.58,3.78,3.78
219,0.0,3.58,3.78,0.66,0.66,3.58,3.58,3.78,3.78
220,0.0,3.58,3.78,0.66,0.66,3.58,3.58,3.78,3.78
221,0.0,3.58,3.78,0.66,0.66,3.58,3.58,3.78,3.78
222,0.0,3.58,3.78,0.66,0.66,3.58,3.58,3.78,3.78
223,0.0,3.58,3.78,0.66,0.66,3.58,3.58,3.78,3.78
224,0.0,3.58,3.78,0.66,0.66,3.58,3.58,3.78,3.78
225,0.0,3.58,3.78,0.66,0.66,3.58,3.58,3.78,3.78
226,0.0,3.58,3.78,0.66,0.66,3.58,3.58,3.78,3.78
227,0.0,3.58,3.78,0.66,0.66,3.58,3.58,3.78,3.78
228,0.0,3.58,3.78,0.66,0.66,3.58,3.58,3.78,3.78
229,0.0,3.58,3.78,0.66,0.66,3.58,3.58,3.78,3.78
230,0.0,3.58,3.78,0.66,0.66,3.58,3.58,3.78,3.78
231,0.0,3.58,3.78,0.66,0.66,3.58,3.58,3.78,3.78
232,0.0,3.58,3.78,0.66,0.66,3.58,3.58,3.78,3.78
233,0.0,3.58,3.78,0.66,0.66,3.58,3.58,3.78,3.78
234,0.0,3.58,3.78,0.66,0.66,3.58,3.58,3.78,3.78
235,0.0,3.58,3.78,0.66,0.66,3.58,3.58,3.78,3.78
236,0.0,3.58,3.78,0.66,0.66,3.58,3.58,3.78,3.78
237,0.0,3.58,3.78,0.66,0.66,3.58,3.58,3.78,3.78
238,0.0,3.58,3.78,0.66,0.66,3.58,3.58,3.78,3.78
239,0.0,3.58,3.78,0.66,0.66,3.58,3.58,3.78,3.78
240,0.0,3.58,3.78,0.66,0.66,3.58,3.58,3.78,3.78
241,0.0,3.58,3.78,0.66,0.66,3.58,3.58,3.78,3.78
242,0.0,3.58,3.78,0.66,0.66,3.58,3.58,3.78,3.78
243,0.0,3.58,3.78,0.66,0.66,3.58,3.58,3.78,3.78
244,0.0,3.58,3.78,0.66,0.66,3.58,3.58,3.78,3.78
245,0.0,3.58,3.78,0.66,0.66,3.58,3.58,3.78,3.78
246,0.0,3.58,3.78,0.66,0.66,3.58,3.58,3.78,3.78
247,0.0,3.58,3.78,0.66,0.66,3.58,3.58,3.78,3.78
248,0.0,3.58,3.78,0.66,0.66,3.58,3.58,3.78,3.78
249,0.0,3.58,3.78,0.66,0.66,3.58,3.58,3.78,3.78
250,0.0,3.58,3.78,0.66,0.66,3.58,3.58,3.78,3.78
251,0.0,3.58,3.78,0.66,0.66,3.58,3.58,3.78,3.78
252,0.0,3.58,3.78,0.66,0.66,3.58,3.58,3.78,3.78
253,0.0,3.58,3.78,0.66,0.66,3.58,3.58,3.78,3.78
254,0.0,3.58,3.78,0.66,0.66,3.58,3.58,3.78,3.78
255,0.0,3.58,3.78,0.66,0.66,3.58,3.58,3.78,3.78
256,0.0,3.58,3.78,0.66,0.66,3.58,3.58,3.78,3.78
257,0.0,3.58,3.78,0.66,0.66,3.58,3.58,3.78,3.78
258,0.0,3.58,3.78,0.66,0.66,3.58,3.58,3.78,3.78
259,0.0,3.58,3.78,0.66,0.66,3.58,3.58,3.78,3.78
260,0.0,3.58,3.78,0.66,0.66,3.58,3.58,3.78,3.78
261,0.0,3.58,3.78,0.66,0.66,3.58,3.58,3.78,3.78
262,0.0,3.58,3.78,0.66,0.66,3.58,3.58,3.78,3.78
263,0.0,3.58,3.78,0.66,0.66,3.58,3.58,3.78,3.78
264,0.0,3.58,3.78,0.66,0.66,3.58,3.58,3.78,3.78
265,0.0,3.58,3.78,0.66,0.66,3.58,3.58,3.78,3.78
266,0.0,3.58,3.78,0.66,0.66,3.58,3.58,3.78,3.78
267,0.0,3.58,3.78,0.66,0.66,3.58,3.58,3.78,3.78
268,0.0,3.58,3.78,0.66,0.66,3.58,3.58,3.78,3.78
269,0.0,3.58,3.78,0.66,0.66,3.58,3.58,3.78,3.78
270,0.0,3.58,3.78,0.66,0.66,3.58,3.58,3.78,3.78
271,0.0,3.58,3.78,0.66,0.66,3.58,3.58,3.78,3.78
272,0.0,3.58,3.78,0.66,0.66,3.58,3.58,3.78,3.78
273,0.0,3.58,3.78,0.66,0.66,3.58,3.58,3.78,3.78
274,0.0,3.58,3.78,0.66,0.66,3.58,3.58,3.78,3.78
275,0.0,3.58,3.78,0.66,0.66,3.58,3.58,3.78,3.78
276,0.0,3.58,3.78,0.66,0.66,3.58,3.58,3.78,3.78
277,0.0,3.58,3.78,0.66,0.66,3.58,3.58,3.78,3.78
278,0.0,3.58,3.78,0.66,0.66,3.58,3.58,3.78,3.78
279,0.0,3.58,3.78,0.66,0.66,3.58,3.58,3.78,3.78
280,0.0,3.58,3.78,0.66,0.66,3.58,3.58,3.78,3.78
281,0.0,3.58,3.78,0.66,0.66,3.58,3.58,3.78,3.78
282,0.0,3.58,3.78,0.66,0.66,3.58,3.58,3.78,3.78
283,0.0,3.58,3.78,0.66,0.66,3.58,3.58,3.78,3.78
284,0.0,3.58,3.78,0.66,0.66,3.58,3.58,3.78,3.78
285,0.0,3.58,3.78,0.66,0.66,3.58,3.58,3.78,3.78
286,0.0,3.58,3.78,0.66,0.66,3.58,3.58,3.78,3.78
287,0.0,3.58,3.78,0.66,0.66,3.58,3.58,3.78,3.78
288,0.0,3.58,3.78,0.66,0.66,3.58,3.58,3.78,3.78
289,0.0,3.58,3.78,0.66,0.66,3.58,3.58,3.78,3.78
290,0.0,3.58,3.78,0.66,0.66,3.58,3.58,3.78,3.78
291,0.0,3.58,3.78,0.66,0.66,3.58,3.58,3.78,3.78
292,0.0,3.58,3.78,0.66,0.66,3.58,3.58,3.78,3.78
293,0.0,3.58,3.78,0.66,0.66,3.58,3.58,3.78,3.78
294,0.0,3.58,3.78,0.66,0.66,3.58,3.58,3.78,3.78
295,0.0,3.58,3.78,0.66,0.66,3.58,3.58,3.78,3.78
296,0.0,3.58,3.78,0.66,0.66,3.58,3.58,3.78,3.78
297,0.0,3.58,3.78,0.66,0.66,3.58,3.58,3.78,3.78
298,0.0,3.58,3.78,0.66,0.66,3.58,3.58,3.78,3.78
299,0.0,3.58,3.78,0.66,0.66,3.58,3.58,3.78,3.78
300,0.0,3.58,3.78,0.66,0.66,3.58,3.58,3.78,3.78
301,0.0,3.58,3.78,0.66,0.66,3.58,3.58,3.78,3.78
302,0.0,3.58,3.78,0.66,0.66,3.58,3.58,3.78,3.78
303,0.0,3.58,3.78,0.66,0.66,3.58,3.58,3.78,3.78
304,0.0,3.58,3.78,0.66,0.66,3.58,3.58,3.78,3.78
305,0.0,3.58,3.78,0.66,0.66,3.58,3.58,3.78,3.78
306,0.0,3.58,3.78,0.66,0.66,3.58,3.58,3.78,3.78
307,0.0,3.58,3.78,0.66,0.66,3.58,3.58,3.78,3.78
308,0.0,3.58,3.78,0.66,0.66,3.58,3.58,3.78,3.78
309,0.0,3.58,3.78,0.66,0.66,3.58,3.58,3.78,3.78
310,0.0,3.58,3.78,0.66,0.66,3.58,3.58,3.78,3.78
311,0.0,3.58,3.78,0.66,0.66,3.58,3.58,3.78,3.78
312,0.0,3.58,3.78,0.66,0.66,3.58,3.58,3.78,3.78
313,0.0,3.58,3.78,0.66,0.66,3.58,3.58,3.78,3.78
314,0.0,3.58,3.78,0.66,0.66,3.58,3.58,3.78,3.78
315,0.0,3.58,3.78,0.66,0.66,3.58,3.58,3.78,3.78
316,0.0,3.58,3.78,0.66,0.66,3.58,3.58,3.78,3.78
317,0.0,3.58,3.78,0.66,0.66,3.58,3.58,3.78,3.78
318,0.0,3.58,3.78,0.66,0.66,3.58,3.58,3.78,3.78
319,0.0,3.58,3.78,0.66,0.66,3.58,3.58,3.78,3.78
320,0.0,3.58,3.78,0.66,0.66,3.58,3.58,3.78,3.78
321,0.0,3.58,3.78,0.66,0.66,3.58,3.58,3.78,3.78
322,0.0,3.58,3.78,0.66,0.66,3.58,3.58,3.78,3.78
323,0.0,3.58,3.78,0.66,0.66,3.58,3.58,3.78,3.78
324,0.0,3.58,3.78,0.66,0.66,3.58,3.58,3.78,3.78
325,0.0,3.58,3.78,0.66,0.66,3.58,3.58,3.78,3.78
326,0.0,3.58,3.78,0.66,0.66,3.58,3.58,3.78,3.78
327,0.0,3.58,3.78,0.66,0.66,3.58,3.58,3.78,3.78
328,0.0,3.58,3.78,0.66,0.66,3.58,3.58,3.78,3.78
329,0.0,3.58,3.78,0.66,0.66,3.58,3.58,3.78,3.78
330,0.0,3.58,3.78,0.66,0.66,3.58,3.58,3.78,3.78
331,0.0,3.58,3.78,0.66,0.66,3.58,3.58,3.78,3.78
332,0.0,3.58,3.78,0.66,0.66,3.58,3.58,3.78,3.78
333,0.0,3.58,3.78,0.66,0.66,3.58,3.58,3.78,3.78
334,0.0,3.58,3.78,0.66,0.66,3.58,3.58,3.78,3.78
335,0.0,3.58,3.78,0.66,0.66,3.58,3.58,3.78,3.78
336,0.0,3.58,3.78,0.66,0.66,3.58,3.58,3.78,3.78
337,0.0,3.58,3.78,0.66,0.66,3.58,3.58,3.78,3.78
338,0.0,3.58,3.78,0.66,0.66,3.58,3.58,3.78,3.78
339,0.0,3.58,3.78,0.66,0.66,3.58,3.58,3.78,3.78
340,0.0,3.58,3.78,0.66,0.66,3.58,3.58,3.78,3.78
341,0.0,3.58,3.78,0.66,0.66,3.58,3.58,3.78,3.78
342,0.0,3.58,3.78,0.66,0.66,3.58,3.58,3.78,3.78
343,0.0,3.58,3.78,0.66,0.66,3.58,3.58,3.78,3.78
344,0.0,3.58,3.78,0.66,0.66,3.58,3.58,3.78,3.78
345,0.0,3.58,3.78,0.66,0.66,3.58,3.58,3.78,3.78
346,0.0,3.58,3.78,0.66,0.66,3.58,3.58,3.78,3.78
347,0.0,3.58,3.78,0.66,0.66,3.58,3.58,3.78,3.78
348,0.0,3.58,3.78,0.66,0.66,3.58,3.58,3.78,3.78
349,0.0,3.58,3.78,0.66,0.66,3.58,3.58,3.78,3.78
350,0.0,3.58,3.78,0.66,0.66,3.58,3.58,3.78,3.78
351,0.0,3.58,3.78,0.66,0.66,3.58,3.58,3.78,3.78
352,0.0,3.58,3.78,0.66,0.66,3.58,3.58,3.78,3.78
353,0.0,3.58,3.78,0.66,0.66,3.58,3.58,3.78,3.78
354,0.0,3.58,3.78,0.66,0.66,3.58,3.58,3.78,3.78
355,0.0,3.58,3.78,0.66,0.66,3.58,3.58,3.78,3.78
356,0.0,3.58,3.78,0.66,0.66,3.58,3.58,3.78,3.78
357,0.0,3.58,3.78,0.66,0.66,3.58,3.58,3.78,3.78
358,0.0,3.58,3.78,0.66,0.66,3.58,3.58,3.78,3.78
359,0.0,3.58,3.78,0.66,0.66,3.58,3.58,3.78,3.78
360,0.0,3.58,3.78,0.66,0.66,3.58,3.58,3.78,3.78
361,0.0,3.58,3.78,0.66,0.66,3.58,3.58,3.78,3.78
362,0.0,3.58,3.78,0.66,0.66,3.58,3.58,3.78,3.78
363,0.0,3.58,3.78,0.66,0.66,3.58,3.58,3.78,3.78
364,0.0,3.58,3.78,0.66,0.66,3.58,3.58,3.78,3.78
365,0.0,3.58,3.78,0.66,0.66,3.58,3.58,3.78,3.78
366,0.0,3.58,3.78,0.66,0.66,3.58,3.58,3.78,3.78
367,0.0,3.58,3.78,0.66,0.66,3.58,3.58,3.78,3.78
368,0.0,3.58,3.78,0.66,0.66,3.58,3.58,3.78,3.78
369,0.0,3.58,3.78,0.66,0.66,3.58,3.58,3.78,3.78
370,0.0,3.58,3.78,0.66,0.66,3.58,3.58,3.78,3.78
371,0.0,3.58,3.78,0.66,0.66,3.58,3.58,3.78,3.78
372,0.0,3.58,3.78,0.66,0.66,3.58,3.58,3.78,3.78
373,0.0,3.58,3.78,0.66,0.66,3.58,3.58,3.78,3.78
374,0.0,3.58,3.78,0.66,0.66,3.58,3.58,3.78,3.78
375,0.0,3.58,3.78,0.66,0.66,3.58,3.58,3.78,3.78
376,0.0,3.58,3.78,0.66,0.66,3.58,3.58,3.78,3.78
377,0.0,3.58,3.78,0.66,0.66,3.58,3.58,3.78,3.78
378,0.0,3.58,3.78,0.66,0.66,3.58,3.58,3.78,3.78
379,0.0,3.58,3.78,0.66,0.66,3.58,3.58,3.78,3.78
380,0.0,3.58,3.78,0.66,0.66,3.58,3.58,3.78,3.78
381,0.0,3.58,3.78,0.66,0.66,3.58,3.58,3.78,3.78
382,0.0,3.58,3.78,0.66,0.66,3.58,3.58,3.78,3.78
383,0.0,3.58,3.78,0.66,0.66,3.58,3.58,3.78,3.78
384,0.0,3.58,3.78,0.66,0.66,3.58,3.58,3.78,3.78
385,0.0,3.58,3.78,0.66,0.66,3.58,3.58,3.78,3.78
386,0.0,3.58,3.78,0.66,0.66,3.58,3.58,3.78,3.78
387,0.0,3.58,3.78,0.66,0.66,3.58,3.58,3.78,3.78
388,0.0,3.58,3.78,0.66,0.66,3.58,3.58,3.78,3.78
389,0.0,3.58,3.78,0.66,0.66,3.58,3.58,3.78,3.78
390,0.0,3.58,3.78,0.66,0.66,3.58,3.58,3.78,3.78
391,0.0,3.58,3.78,0.66,0.66,3.58,3.58,3.78,3.78
392,0.0,3.58,3.78,0.66,0.66,3.58,3.58,3.78,3.78
393,0.0,3.58,3.78,0.66,0.66,3.58,3.58,3.78,3.78
394,0.0,3.58,3.78,0.66,0.66,3.58,3.58,3.78,3.78
395,0.0,3.58,3.78,0.66,0.66,3.58,3.58,3.78,3.78
396,0.0,3.58,3.78,0.66,0.66,3.58,3.58,3.78,3.78
397,0.0,3.58,3.78,0.66,0.66,3.58,3.58,3.78,3.78
398,0.0,3.58,3.78,0.66,0.66,3.58,3.58,3.78,3.78
399,0.0,3.58,3.78,0.66,0.66,3.58,3.58,3.78,3.78
400,0.0,3.58,3.78,0.66,0.66,3.58,3.58,3.78,3.78
401,0.0,3.58,3.78,0.66,0.66,3.58,3.58,3.78,3.78
402,0.0,3.58,3.78,0.66,0.66,3.58,3.58,3.78,3.78
403,0.0,3.58,3.78,0.66,0.66,3.58,3.58,3.78,3.78
404,0.0,3.58,3.78,0.66,0.66,3.58,3.58,3.78,3.78
405,0.0,3.58,3.78,0.66,0.66,3.58,3.58,3.78,3.78
406,0.0,3.58,3.78,0.66,0.66,3.58,3.58,3.78,3.78
407,0.0,3.58,3.78,0.66,0.66,3.58,3.58,3.78,3.78
408,0.0,3.58,3.78,0.66,0.66,3.58,3.58,3.78,3.78
409,0.0,3.58,3.78,0.66,0.66,3.58,3.58,3.78,3.78
410,0.0,3.58,3.78,0.66,0.66,3.58,3.58,3.78,3.78
411,0.0,3.58,3.78,0.66,0.66,3.58,3.58,3.78,3.78
412,0.0,3.58,3.78,0.66,0.66,3.58,3.58,3.78,3.78
413,0.0,3.58,3.78,0.66,0.66,3.58,3.58,3.78,3.78
414,0.0,3.58,3.78,0.66,0.66,3.58,3.58,3.78,3.78
415,0.0,3.58,3.78,0.66,0.66,3.58,3.58,3.78,3.78
416,0.0,3.58,3.78,0.66,0.66,3.58,3.58,3.78,3.78
417,0.0,3.58,3.78,0.66,0.66,3.58,3.58,3.78,3.78
418,0.0,3.58,3.78,0.66,0.66,3.58,3.58,3.78,3.78
419,0.0,3.58,3.78,0.66,0.66,3.58,3.58,3.78,3.78
420,0.0,3.58,3.78,0.66,0.66,3.58,3.58,3.78,3.78
421,0.0,3.58,3.78,0.66,0.66,3.58,3.58,3.78,3.78
422,0.0,3.58,3.78,0.66,0.66,3.58,3.58,3.78,3.78
423,0.0,3.58,3.78,0.66,0.66,3.58,3.58,3.78,3.78
424,0.0,3.58,3.78,0.66,0.66,3.58,3.58,3.78,3.78
425,0.0,3.58,3.78,0.66,0.66,3.58,3.58,3.78,3.78
426,0.0,3.58,3.78,0.66,0.66,3.58,3.58,3.78,3.78
427,0.0,3.58,3.78,0.66,0.66,3.58,3.58,3.78,3.78
428,0.0,3.58,3.78,0.66,0.66,3.58,3.58,3.78,3.78
429,0.0,3.58,3.78,0.66,0.66,3.58,3.58,3.78,3.78
430,0.0,3.58,3.78,0.66,0.66,3.58,3.58,3.78,3.78
431,0.0,3.58,3.78,0.66,0.66,3.58,3.58,3.78,3.78
432,0.0,3.58,3.78,0.66,0.66,3.58,3.58,3.78,3.78
433,0.0,3.58,3.78,0.66,0.66,3.58,3.58,3.78,3.78
434,0.0,3.58,3.78,0.66,0.66,3.58,3.58,3.78,3.78
435,0.0,3.58,3.78,0.66,0.66,3.58,3.58,3.78,3.78
436,0.0,3.58,3.78,0.66,0.66,3.58,3.58,3.78,3.78
437,0.0,3.58,3.78,0.66,0.66,3.58,3.58,3.78,3.78
438,0.0,3.58,3.78,0.66,0.66,3.58,3.58,3.78,3.78
439,0.0,3.58,3.78,0.66,0.66,3.58,3.58,3.78,3.78
440,0.0,3.58,3.78,0.66,0.66,3.58,3.58,3.78,3.78
441,0.0,3.58,3.78,0.66,0.66,3.58,3.58,3.78,3.78
442,0.0,3.58,3.78,0.66,0.66,3.58,3.58,3.78,3.78
443,0.0,3.58,3.78,0.66,0.66,3.58,3.58,3.78,3.78
444,0.0,3.58,3.78,0.66,0.66,3.58,3.58,3.78,3.78
445,0.0,3.58,3.78,0.66,0.66,3.58,3.58,3.78,3.78
446,0.0,3.58,3.78,0.66,0.66,3.58,3.58,3.78,3.78
447,0.0,3.58,3.78,0.66,0.66,3.58,3.58,3.78,3.78
448,0.0,3.58,3.78,0.66,0.66,3.58,3.58,3.78,3.78
449,0.0,3.58,3.78,0.66,0.66,3.58,3.58,3.78,3.78
450,0.0,3.58,3.78,0.66,0.66,3.58,3.58,3.78,3.78
451,0.0,3.58,3.78,0.66,0.66,3.58,3.58,3.78,3.78
452,0.0,3.58,3.78,0.66,0.66,3.58,3.58,3.78,3.78
453,0.0,3.58,3.78,0.66,0.66,3.58,3.58,3.78,3.78
454,0.0,3.58,3.78,0.66,0.66,3.58,3.58,3.78,3.78
455,0.0,3.58,3.78,0.66,0.66,3.58,3.58,3.78,3.78
456,0.0,3.58,3.78,0.66,0.66,3.58,3.58,3.78,3.78
457,0.0,3.58,3.78,0.66,0.66,3.58,3.58,3.78,3.78
458,0.0,3.58,3.78,0.66,0.66,3.58,3.58,3.78,3.78
459,0.0,3.58,3.78,0.66,0.66,3.58,3.58,3.78,3.78
460,0.0,3.58,3.78,0.66,0.66,3.58,3.58,3.78,3.78
461,0.0,3.58,3.78,0.66,0.66,3.58,3.58,3.78,3.78
462,0.0,3.58,3.78,0.66,0.66,3.58,3.58,3.78,3.78
463,0.0,3.58,3.78,0.66,0.66,3.58,3.58,3.78,3.78
464,0.0,3.58,3.78,0.66,0.66,3.58,3.58,3.78,3.78
465,0.0,3.58,3.78,0.66,0.66,3.58,3.58,3.78,3.78
466,0.0,3.58,3.78,0.66,0.66,3.58,3.58,3.78,3.78
467,0.0,3.58,3.78,0.66,0.66,3.58,3.58,3.78,3.78
468,0.0,3.58,3.78,0.66,0.66,3.58,3.58,3.78,3.78
469,0.0,3.58,3.78,0.66,0.66,3.58,3.58,3.78,3.78
470,0.0,3.58,3.78,0.66,0.66,3.58,3.58,3.78,3.78
471,0.0,3.58,3.78,0.66,0.66,3.58,3.58,3.78,3.78
472,0.0,3.58,3.78,0.66,0.66,3.58,3.58,3.78,3.78
473,0.0,3.58,3.78,0.66,0.66,3.58,3.58,3.78,3.78
474,0.0,3.58,3.78,0.66,0.66,3.58,3.58,3.78,3.78
475,0.0,3.58,3.78,0.66,0.66,3.58,3.58,3.78,3.78
476,0.0,3.58,3.78,0.66,0.66,3.58,3.58,3.78,3.78
477,0.0,3.58,3.78,0.66,0.66,3.58,3.58,3.78,3.78
478,0.0,3.58,3.78,0.66,0.66,3.58,3.58,3.78,3.78
479,0.0,3.58,3.78,0.66,0.66,3.58,3.58,3.78,3.78
480,0.0,3.58,3.78,0.66,0.66,3.58,3.58,3.78,3.78
