Voll,Demand_Segment,Cost_of_Demand_Curtailment_per_Tonne,Max_Demand_Curtailment,Rep_Periods,Timesteps_per_Rep_Period,Sub_Weights,Time_Index,Load_H2_tonne_per_hr_z1,Load_H2_tonne_per_hr_z2,Load_H2_tonne_per_hr_z3,Load_H2_tonne_per_hr_z4,Load_H2_tonne_per_hr_z5,Load_H2_tonne_per_hr_z6
50000000.0,1.0,1.0,0.0,1.0,168.0,1.0,1,1.62,9.51,3.58,21.75594727,21.76377357,5.39871663
,,,,,,,2,1.22,7.17,2.7,8.735720386,11.49574323,11.38471254
,,,,,,,3,1.75,10.29,3.88,1.791245873,19.22039541,19.38395948
,,,,,,,4,4.0,23.55,8.87,15.32025886,15.99791684,7.225380263
,,,,,,,5,8.24,48.5,18.27,19.1331566,12.92559844,0.456032103
,,,,,,,6,13.41,78.92,29.72,11.6507547,19.40845575,18.38304788
,,,,,,,7,16.79,98.8,37.21,18.11427835,19.52945544,0.061535804
,,,,,,,8,19.24,113.23,42.64,2.499639669,14.56483529,14.82504275
,,,,,,,9,20.24,119.08,44.84,20.21642964,5.535726761,0.67192916
,,,,,,,10,21.43,126.1,47.49,9.459263593,12.3095946,1.877630999
,,,,,,,11,25.41,149.49,56.3,20.26817201,12.68531571,8.203224406
,,,,,,,12,27.06,159.24,59.97,11.05656941,11.06047891,19.09609802
,,,,,,,13,27.86,163.92,61.73,3.770183824,19.56217112,21.97138808
,,,,,,,14,27.33,160.8,60.55,0.43671477,18.00494747,14.40407922
,,,,,,,15,27.06,159.24,59.97,4.677942076,5.230675643,12.88235594
,,,,,,,16,25.94,152.61,57.47,22.73615932,12.56215763,0.997289608
,,,,,,,17,24.61,144.81,54.53,19.83584252,11.21837446,6.39538492
,,,,,,,18,21.76,128.04,48.22,21.15587,8.989935803,8.05410767
,,,,,,,19,18.12,106.6,40.14,18.94854861,10.56090665,11.18807503
,,,,,,,20,13.81,81.26,30.6,11.63175798,15.28142313,10.911654
,,,,,,,21,10.5,61.76,23.26,2.07420855,19.52330535,11.12885798
,,,,,,,22,7.32,43.05,16.21,10.55811531,3.335438581,15.17872732
,,,,,,,23,4.53,26.67,10.04,13.54006847,2.497872855,7.444176382
,,,,,,,24,2.68,15.75,5.93,17.8355211,19.41724488,7.619999758
,,,,,,,25,2.49,14.67,5.53,12.75682272,22.1771592,21.73206986
,,,,,,,26,1.8,10.6,3.99,22.90676293,9.360969079,10.79719727
,,,,,,,27,1.66,9.78,3.68,18.97208106,13.16830303,6.53979442
,,,,,,,28,2.46,14.47,5.45,18.36156182,16.42734475,7.687502371
,,,,,,,29,4.43,26.09,9.82,13.68210189,19.85421789,9.454157181
,,,,,,,30,7.27,42.8,16.12,15.32501431,19.99543467,1.592792029
,,,,,,,31,10.98,64.61,24.33,14.9761046,21.99784322,15.03893903
,,,,,,,32,15.0,88.25,33.23,16.54551813,16.04421054,0.849350759
,,,,,,,33,18.95,111.48,41.98,22.5295339,12.01134013,0.989940433
,,,,,,,34,21.02,123.71,46.59,13.94897068,1.214713729,6.415691245
,,,,,,,35,21.68,127.58,48.05,15.45597151,9.739299974,17.95907828
,,,,,,,36,22.62,133.08,50.12,9.864812655,22.36904065,13.19795568
,,,,,,,37,24.07,141.64,53.34,21.4479402,20.76370667,7.035011287
,,,,,,,38,25.15,147.96,55.72,8.583545099,5.670247884,6.124038005
,,,,,,,39,26.32,154.89,58.33,20.19506941,8.007017149,22.20875574
,,,,,,,40,26.98,158.76,59.79,18.82788429,3.564129107,2.956808588
,,,,,,,41,25.67,151.02,56.87,15.61538678,9.945343067,18.38102962
,,,,,,,42,23.24,136.75,51.5,1.435438707,13.1939495,22.28522231
,,,,,,,43,19.29,113.52,42.75,21.61442737,2.093543316,5.486840592
,,,,,,,44,14.93,87.84,33.08,1.842831604,14.81805342,10.41495279
,,,,,,,45,11.4,67.05,25.25,9.763703106,6.344939368,2.968940745
,,,,,,,46,8.83,51.97,19.57,22.26340234,17.23620901,21.51385936
,,,,,,,47,6.2,36.48,13.74,7.166971257,20.81336259,14.58409197
,,,,,,,48,3.95,23.23,8.75,11.55737465,1.798206307,19.60747957
,,,,,,,49,1.69,9.92,3.74,1.30054944,13.47915472,10.7887833
,,,,,,,50,1.24,7.28,2.74,7.356946185,2.993718928,18.45060242
,,,,,,,51,1.74,10.25,3.86,17.97950211,21.94099964,12.09747758
,,,,,,,52,4.05,23.82,8.97,12.45375522,10.37166291,4.613720239
,,,,,,,53,8.71,51.27,19.31,7.336326754,5.09403106,13.11530504
,,,,,,,54,14.0,82.37,31.02,21.96173807,9.134868714,9.002607163
,,,,,,,55,17.32,101.88,38.37,7.891250293,15.506334,1.936251167
,,,,,,,56,19.85,116.77,43.97,20.42665464,9.901910381,17.26605693
,,,,,,,57,20.91,123.06,46.34,11.85047421,22.0667327,19.54084939
,,,,,,,58,20.01,117.76,44.35,16.69484239,3.383723838,14.93878099
,,,,,,,59,19.9,117.1,44.1,9.089611608,11.34783191,15.53745999
,,,,,,,60,20.63,121.4,45.72,12.75353967,19.49769442,8.00147049
,,,,,,,61,21.93,129.01,48.58,8.178182312,15.12252961,4.374566417
,,,,,,,62,22.77,133.97,50.45,18.99666527,3.028736648,0.933904197
,,,,,,,63,24.62,144.89,54.56,14.18784136,11.23667841,20.19285758
,,,,,,,64,26.14,153.82,57.93,10.96646696,2.529137203,6.644368249
,,,,,,,65,25.41,149.52,56.31,19.79825442,22.67107255,5.047568017
,,,,,,,66,23.89,140.59,52.94,12.7042612,13.69182458,16.18570417
,,,,,,,67,19.68,115.78,43.6,21.63492446,0.705176116,20.54250455
,,,,,,,68,14.45,85.01,32.02,17.13617252,4.601136771,3.176491229
,,,,,,,69,10.46,61.53,23.17,0.282724379,20.52347883,15.49218084
,,,,,,,70,7.87,46.31,17.44,14.24428272,8.204386913,7.559823887
,,,,,,,71,4.67,27.46,10.34,17.32375882,3.874525111,18.70031591
,,,,,,,72,2.64,15.55,5.85,20.25243595,15.84647093,10.76006733
,,,,,,,73,1.76,10.36,3.9,4.932514715,1.255373782,12.30331872
,,,,,,,74,1.29,7.6,2.86,17.39034924,16.40179539,4.218809109
,,,,,,,75,1.82,10.71,4.03,13.1554246,18.18670405,14.27091807
,,,,,,,76,4.23,24.87,9.36,12.66201135,14.73363029,3.090331541
,,,,,,,77,9.1,53.54,20.16,0.970319989,6.688716256,9.937987309
,,,,,,,78,14.62,86.0,32.39,22.87497138,13.57637409,16.98507996
,,,,,,,79,18.08,106.38,40.06,22.32071336,17.06709207,2.285407942
,,,,,,,80,20.72,121.92,45.91,11.98844774,13.09284969,12.00473069
,,,,,,,81,21.84,128.48,48.39,7.133196668,10.68846059,7.907844459
,,,,,,,82,20.9,122.96,46.3,12.17431559,2.435368745,13.55108935
,,,,,,,83,20.78,122.27,46.04,16.68268833,15.92444215,9.721771432
,,,,,,,84,21.54,126.76,47.74,15.30862942,14.40683139,4.275408218
,,,,,,,85,22.89,134.7,50.73,22.54666962,2.382616693,3.596621926
,,,,,,,86,23.77,139.88,52.68,0.627929439,19.14058881,0.810091631
,,,,,,,87,25.71,151.28,56.97,22.96828483,22.08257252,16.49861302
,,,,,,,88,27.3,160.61,60.48,10.05588328,18.05722856,19.60673634
,,,,,,,89,26.53,156.12,58.79,16.7404911,4.2710192,6.103635714
,,,,,,,90,24.95,146.79,55.28,11.00413741,12.57274027,17.25953731
,,,,,,,91,20.54,120.89,45.52,3.453872169,19.12966133,15.5736729
,,,,,,,92,15.09,88.76,33.43,20.74594241,7.465639167,15.93946988
,,,,,,,93,10.92,64.24,24.19,0.508042322,1.071987982,7.283616006
,,,,,,,94,8.22,48.35,18.21,2.043043392,17.95142173,4.55179804
,,,,,,,95,4.87,28.67,10.8,21.57729774,15.40261671,20.30673326
,,,,,,,96,2.76,16.23,6.11,14.36749327,19.8170533,4.590849145
,,,,,,,97,1.86,10.95,4.12,9.059728155,3.97005122,14.85354954
,,,,,,,98,1.36,8.03,3.02,20.90916691,18.11034415,20.49298997
,,,,,,,99,1.92,11.31,4.26,18.23435341,20.16996006,17.57204226
,,,,,,,100,4.46,26.27,9.89,15.35034414,6.453432859,4.415913697
,,,,,,,101,9.61,56.55,21.3,8.668468881,18.62308756,0.967613557
,,,,,,,102,15.44,90.85,34.21,19.75703663,16.95864947,10.88522638
,,,,,,,103,19.1,112.37,42.32,19.52976886,12.78257717,5.962985788
,,,,,,,104,21.89,128.79,48.5,21.74964686,19.0393636,22.07172914
,,,,,,,105,23.07,135.72,51.11,17.49494825,21.02533709,2.803487819
,,,,,,,106,22.07,129.89,48.91,12.38871579,4.214123522,16.31327809
,,,,,,,107,21.95,129.16,48.64,15.19571668,22.45756491,22.21060812
,,,,,,,108,22.76,133.9,50.42,15.42185897,4.964638595,4.097104836
,,,,,,,109,24.18,142.29,53.58,3.429172921,11.20430721,11.60876152
,,,,,,,110,25.11,147.76,55.65,2.936284893,17.83106971,14.78514083
,,,,,,,111,27.16,159.8,60.18,5.80303638,13.08399076,4.978871172
,,,,,,,112,28.83,169.65,63.89,13.96254687,14.33392778,0.46333959
,,,,,,,113,28.03,164.91,62.1,1.516236919,11.30021379,15.37397257
,,,,,,,114,26.35,155.06,58.39,17.83508697,21.12734329,9.839382172
,,,,,,,115,21.7,127.7,48.09,17.6520166,13.65932638,10.37799895
,,,,,,,116,15.94,93.77,35.31,17.19764701,19.09326977,3.302338312
,,,,,,,117,11.53,67.86,25.56,21.26077769,1.802592852,13.59106785
,,,,,,,118,8.68,51.08,19.24,18.06333158,9.687669026,0.217304656
,,,,,,,119,5.15,30.28,11.4,16.67965613,20.35492311,18.47489657
,,,,,,,120,2.91,17.15,6.46,4.343952775,12.39195299,2.593714321
,,,,,,,121,2.86,16.85,6.35,6.935155651,11.14776033,0.028356273
,,,,,,,122,2.02,11.89,4.48,9.218947375,2.946331819,21.91238044
,,,,,,,123,1.96,11.51,4.34,4.183208366,21.45798364,6.524282792
,,,,,,,124,2.74,16.15,6.08,8.972188887,6.227501224,18.75083032
,,,,,,,125,5.09,29.95,11.28,19.51294305,19.51561074,14.61178892
,,,,,,,126,8.36,49.18,18.52,19.24894556,9.454572635,12.5794796
,,,,,,,127,12.69,74.67,28.12,17.07086136,12.87440394,18.3108734
,,,,,,,128,17.24,101.41,38.19,14.86271694,5.74006494,11.23693279
,,,,,,,129,21.85,128.57,48.42,15.25123647,16.4657426,14.77957461
,,,,,,,130,24.2,142.38,53.62,16.69769728,19.49754706,18.52403725
,,,,,,,131,24.98,147.01,55.36,16.96337358,4.530696816,10.93610161
,,,,,,,132,26.13,153.73,57.89,7.324357958,9.622779071,2.792224048
,,,,,,,133,27.76,163.36,61.52,15.8905728,17.18990226,19.61686969
,,,,,,,134,28.98,170.5,64.21,9.696130839,11.14211289,6.717946336
,,,,,,,135,30.4,178.88,67.36,7.771831845,19.14423764,5.166048138
,,,,,,,136,31.19,183.51,69.11,10.22835647,18.61215882,22.34532831
,,,,,,,137,29.64,174.38,65.67,2.258611625,17.64745969,19.25677603
,,,,,,,138,26.81,157.73,59.4,22.10271242,10.48360876,18.81912343
,,,,,,,139,22.28,131.07,49.36,14.02054645,14.33941527,14.10734397
,,,,,,,140,17.32,101.91,38.38,15.9158215,11.67115501,3.705156994
,,,,,,,141,13.22,77.76,29.28,13.8502887,13.5397619,0.158623715
,,,,,,,142,10.32,60.7,22.86,7.30836265,5.689960676,2.277334437
,,,,,,,143,7.2,42.38,15.96,0.931542823,20.54697647,16.66087708
,,,,,,,144,4.66,27.41,10.32,3.532741828,7.358929192,14.61523244
,,,,,,,145,2.88,16.96,6.39,0.902021669,2.238751443,3.099827993
,,,,,,,146,3.71,21.82,8.22,19.83515461,11.62096743,4.843369447
,,,,,,,147,1.36,7.99,3.01,12.87588181,2.450338078,8.64262518
,,,,,,,148,2.12,12.48,4.7,13.67556934,20.54654113,20.59213759
,,,,,,,149,3.96,23.31,8.78,4.394761716,13.11458242,10.69940949
,,,,,,,150,6.5,38.25,14.4,13.22273287,15.08638519,3.092583422
,,,,,,,151,9.93,58.42,22.0,10.28016579,6.562420418,7.484587528
,,,,,,,152,14.06,82.7,31.15,17.37379499,7.55593866,18.97341784
,,,,,,,153,18.37,108.1,40.71,12.18723802,22.91725403,20.43704619
,,,,,,,154,23.64,139.11,52.39,8.834161568,16.74580722,2.515830293
,,,,,,,155,27.01,158.91,59.84,9.226182534,20.11687391,7.137136299
,,,,,,,156,27.7,163.02,61.39,8.219901376,19.81915489,2.803383811
,,,,,,,157,27.58,162.27,61.11,19.33595261,10.30737028,6.714887621
,,,,,,,158,26.75,157.41,59.28,9.215707966,20.48287033,17.10579827
,,,,,,,159,26.18,154.05,58.01,7.174404882,3.193477015,15.15382219
,,,,,,,160,25.04,147.33,55.48,4.869869177,10.20428091,5.85266435
,,,,,,,161,23.83,140.23,52.81,6.927955712,13.96902193,8.262188074
,,,,,,,162,21.36,125.66,47.32,22.20659673,14.9616116,8.061592751
,,,,,,,163,18.37,108.1,40.71,5.729749015,9.401054684,13.19565542
,,,,,,,164,14.69,86.44,32.55,16.76011315,6.873271148,17.61807721
,,,,,,,165,11.71,68.88,25.94,3.97300749,11.67695911,7.141180768
,,,,,,,166,9.1,53.57,20.17,17.42782834,20.05420233,19.44629312
,,,,,,,167,6.56,38.62,14.55,18.38442754,21.14684319,15.47364161
,,,,,,,168,4.47,26.3,9.9,14.2795253,0.60422456,2.543684394
,,,,,,,169,1.62,9.51,3.58,22.22963226,22.90927572,3.978823177
,,,,,,,170,1.22,7.17,2.7,8.16218256,1.884760215,3.66149701
,,,,,,,171,1.75,10.29,3.88,2.154950381,2.640112863,19.82704785
,,,,,,,172,4.0,23.55,8.87,6.015877805,13.76418159,16.07055533
,,,,,,,173,8.24,48.5,18.27,0.70100413,20.84714918,0.884139606
,,,,,,,174,13.41,78.92,29.72,2.439994483,12.84533294,6.858495128
,,,,,,,175,16.79,98.8,37.21,4.474649579,13.46186028,11.91228335
,,,,,,,176,19.24,113.23,42.64,10.46675545,1.429829994,6.388257621
,,,,,,,177,20.24,119.08,44.84,19.24968663,6.758930085,3.092291919
,,,,,,,178,21.43,126.1,47.49,16.55076915,10.11436917,2.399161263
,,,,,,,179,25.41,149.49,56.3,8.587106005,18.92071994,6.693090118
,,,,,,,180,27.06,159.24,59.97,0.721305635,15.64172381,7.319155737
,,,,,,,181,27.86,163.92,61.73,19.45958858,9.064044114,22.75568613
,,,,,,,182,27.33,160.8,60.55,5.304400145,10.39025644,13.4607486
,,,,,,,183,27.06,159.24,59.97,16.76138334,20.29456688,11.64121222
,,,,,,,184,25.94,152.61,57.47,0.061545768,16.4523835,13.11192267
,,,,,,,185,24.61,144.81,54.53,5.507862347,21.43555211,16.0029612
,,,,,,,186,21.76,128.04,48.22,5.364689758,17.09843313,16.55671396
,,,,,,,187,18.12,106.6,40.14,8.456798105,5.657631787,18.60688645
,,,,,,,188,13.81,81.26,30.6,1.725250232,8.210815518,17.32416036
,,,,,,,189,10.5,61.76,23.26,3.914140002,12.68619442,3.502681664
,,,,,,,190,7.32,43.05,16.21,8.358892627,12.45755106,18.90091922
,,,,,,,191,4.53,26.67,10.04,18.0854065,11.52009903,16.23041553
,,,,,,,192,2.68,15.75,5.93,6.559873173,13.87410762,18.34161534
,,,,,,,193,2.49,14.67,5.53,10.32601494,20.93644366,7.648942364
,,,,,,,194,1.8,10.6,3.99,8.623701998,0.100292448,3.588984994
,,,,,,,195,1.66,9.78,3.68,13.54037002,7.843679426,8.62085003
,,,,,,,196,2.46,14.47,5.45,4.589971032,3.667658314,12.09215602
,,,,,,,197,4.43,26.09,9.82,10.53343842,9.056290377,13.84283782
,,,,,,,198,7.27,42.8,16.12,7.291698956,5.131011831,11.17214811
,,,,,,,199,10.98,64.61,24.33,21.48305089,16.58143746,12.20639082
,,,,,,,200,15.0,88.25,33.23,19.73610388,1.761938699,0.716582133
,,,,,,,201,18.95,111.48,41.98,1.577835574,5.628511024,12.20652505
,,,,,,,202,21.02,123.71,46.59,14.08250302,20.62352388,13.63506815
,,,,,,,203,21.68,127.58,48.05,15.34447815,5.482949328,1.663504227
,,,,,,,204,22.62,133.08,50.12,12.00256442,8.211967591,16.14686239
,,,,,,,205,24.07,141.64,53.34,3.734288669,2.368926528,7.960226841
,,,,,,,206,25.15,147.96,55.72,15.0304004,2.425543173,5.458812976
,,,,,,,207,26.32,154.89,58.33,8.398483988,17.28090647,1.32719342
,,,,,,,208,26.98,158.76,59.79,1.703120537,3.008646162,17.11606865
,,,,,,,209,25.67,151.02,56.87,19.74620477,11.68840072,9.709655026
,,,,,,,210,23.24,136.75,51.5,9.828822888,20.11759311,14.5881977
,,,,,,,211,19.29,113.52,42.75,2.02841876,15.75264943,13.76462212
,,,,,,,212,14.93,87.84,33.08,2.327054153,8.222884171,15.07676278
,,,,,,,213,11.4,67.05,25.25,9.943975398,6.533386454,3.572832214
,,,,,,,214,8.83,51.97,19.57,5.372902175,3.12011191,21.17573525
,,,,,,,215,6.2,36.48,13.74,17.87649179,1.466731574,2.565481709
,,,,,,,216,3.95,23.23,8.75,20.29360341,15.53049319,4.431065125
,,,,,,,217,1.69,9.92,3.74,21.26410252,1.243106457,11.84243696
,,,,,,,218,1.24,7.28,2.74,18.18738747,10.58171642,21.31480279
,,,,,,,219,1.74,10.25,3.86,11.71480841,2.916429339,15.91223381
,,,,,,,220,4.05,23.82,8.97,5.328143388,13.01100921,6.107315832
,,,,,,,221,8.71,51.27,19.31,18.98563881,13.98669047,16.92024959
,,,,,,,222,14.0,82.37,31.02,18.14541633,15.74847619,21.15360646
,,,,,,,223,17.32,101.88,38.37,0.158771636,11.31078752,9.305815203
,,,,,,,224,19.85,116.77,43.97,16.23101556,20.96963824,16.63581666
,,,,,,,225,20.91,123.06,46.34,0.204403882,17.98462651,6.827226918
,,,,,,,226,20.01,117.76,44.35,20.11584333,15.99948844,0.894023407
,,,,,,,227,19.9,117.1,44.1,1.447393986,21.41391605,3.608085053
,,,,,,,228,20.63,121.4,45.72,9.405124794,3.740553553,14.31719718
,,,,,,,229,21.93,129.01,48.58,2.26415416,9.915501061,16.46733542
,,,,,,,230,22.77,133.97,50.45,3.699830264,15.57808648,16.63607363
,,,,,,,231,24.62,144.89,54.56,7.853975634,18.33634021,2.689975287
,,,,,,,232,26.14,153.82,57.93,9.241927785,14.84041615,1.344023059
,,,,,,,233,25.41,149.52,56.31,22.59400903,12.37619812,3.061817818
,,,,,,,234,23.89,140.59,52.94,21.23519509,10.20036391,20.23611854
,,,,,,,235,19.68,115.78,43.6,3.299854859,15.66304477,5.000828794
,,,,,,,236,14.45,85.01,32.02,10.06651137,3.759731957,17.30630556
,,,,,,,237,10.46,61.53,23.17,18.68888078,10.67867655,5.761869353
,,,,,,,238,7.87,46.31,17.44,13.61405295,21.28651166,5.870047799
,,,,,,,239,4.67,27.46,10.34,5.331191836,18.4976609,19.11448448
,,,,,,,240,2.64,15.55,5.85,17.14741131,17.39890803,18.08482631
,,,,,,,241,1.76,10.36,3.9,12.93778462,2.972432775,9.702272297
,,,,,,,242,1.29,7.6,2.86,19.86631203,15.266263,22.2178621
,,,,,,,243,1.82,10.71,4.03,12.89027207,15.70699775,19.95876983
,,,,,,,244,4.23,24.87,9.36,14.83771838,5.62808886,13.83090592
,,,,,,,245,9.1,53.54,20.16,16.82039307,21.72150598,17.14662428
,,,,,,,246,14.62,86.0,32.39,11.91276227,11.71736392,7.963577209
,,,,,,,247,18.08,106.38,40.06,15.25643563,4.194555914,7.680790246
,,,,,,,248,20.72,121.92,45.91,0.694964959,0.28211152,17.33783799
,,,,,,,249,21.84,128.48,48.39,3.131888854,8.58961622,2.091626083
,,,,,,,250,20.9,122.96,46.3,5.566764289,13.58960875,2.736280176
,,,,,,,251,20.78,122.27,46.04,19.11036912,12.87149364,3.848475546
,,,,,,,252,21.54,126.76,47.74,7.15177738,8.667344193,2.67260579
,,,,,,,253,22.89,134.7,50.73,4.046732275,7.55628317,5.378495471
,,,,,,,254,23.77,139.88,52.68,4.439098081,4.056519805,17.72370299
,,,,,,,255,25.71,151.28,56.97,21.15768998,16.88441515,2.373167837
,,,,,,,256,27.3,160.61,60.48,11.3090316,10.54733857,20.50388417
,,,,,,,257,26.53,156.12,58.79,3.27088074,20.15016756,10.27489795
,,,,,,,258,24.95,146.79,55.28,10.98980498,10.73363508,21.09288411
,,,,,,,259,20.54,120.89,45.52,9.952520324,9.63092964,18.53625562
,,,,,,,260,15.09,88.76,33.43,15.62334745,9.174637634,17.2372404
,,,,,,,261,10.92,64.24,24.19,8.232177175,4.383475494,4.459613818
,,,,,,,262,8.22,48.35,18.21,11.05086902,22.75596708,1.783917434
,,,,,,,263,4.87,28.67,10.8,22.95282246,22.03620995,22.12195149
,,,,,,,264,2.76,16.23,6.11,11.13442052,11.13922149,14.87046728
,,,,,,,265,1.86,10.95,4.12,16.99604889,9.469307833,14.39031771
,,,,,,,266,1.36,8.03,3.02,15.87781988,5.057113707,10.07917371
,,,,,,,267,1.92,11.31,4.26,21.71840567,16.12924317,11.1725396
,,,,,,,268,4.46,26.27,9.89,3.514449888,4.427292663,17.6938612
,,,,,,,269,9.61,56.55,21.3,22.62573538,10.34830884,4.149292213
,,,,,,,270,15.44,90.85,34.21,22.68449039,21.54652638,15.8736711
,,,,,,,271,19.1,112.37,42.32,17.71364934,8.931082813,2.126730862
,,,,,,,272,21.89,128.79,48.5,15.08173887,8.722853631,2.94798048
,,,,,,,273,23.07,135.72,51.11,3.506651149,13.98927184,8.925873841
,,,,,,,274,22.07,129.89,48.91,2.365135849,19.43938277,14.06040117
,,,,,,,275,21.95,129.16,48.64,1.200118741,12.12124423,1.247547537
,,,,,,,276,22.76,133.9,50.42,13.17266623,1.477397784,22.02587741
,,,,,,,277,24.18,142.29,53.58,1.992417221,11.10749678,22.78940616
,,,,,,,278,25.11,147.76,55.65,21.33549792,4.25606441,6.472586589
,,,,,,,279,27.16,159.8,60.18,10.15629548,8.656906257,3.538969241
,,,,,,,280,28.83,169.65,63.89,20.30112411,9.010919171,13.87717556
,,,,,,,281,28.03,164.91,62.1,20.62203945,8.529942254,20.16469122
,,,,,,,282,26.35,155.06,58.39,15.28820613,13.08211799,8.284697882
,,,,,,,283,21.7,127.7,48.09,10.3582701,12.33158256,22.84866188
,,,,,,,284,15.94,93.77,35.31,16.34680554,21.78736648,16.2207901
,,,,,,,285,11.53,67.86,25.56,5.239733143,6.031786198,15.6780541
,,,,,,,286,8.68,51.08,19.24,10.63436016,18.56155268,12.31974392
,,,,,,,287,5.15,30.28,11.4,5.535373286,5.328318817,5.755078166
,,,,,,,288,2.91,17.15,6.46,16.50799825,17.79076635,6.856918285
,,,,,,,289,2.86,16.85,6.35,9.178150078,10.62299288,16.05844074
,,,,,,,290,2.02,11.89,4.48,14.47056361,11.50667383,12.9603915
,,,,,,,291,1.96,11.51,4.34,3.366644641,12.61730307,12.45061074
,,,,,,,292,2.74,16.15,6.08,17.65081035,12.17550162,8.264887899
,,,,,,,293,5.09,29.95,11.28,18.19680656,11.82724887,20.34700863
,,,,,,,294,8.36,49.18,18.52,1.326512636,9.516676903,16.95536965
,,,,,,,295,12.69,74.67,28.12,6.799463126,15.04017688,20.25941329
,,,,,,,296,17.24,101.41,38.19,8.031042429,19.79716871,1.194016045
,,,,,,,297,21.85,128.57,48.42,2.89653581,8.274298856,11.47943799
,,,,,,,298,24.2,142.38,53.62,19.88168888,16.31871758,6.898846522
,,,,,,,299,24.98,147.01,55.36,3.59892331,16.9524991,3.03035196
,,,,,,,300,26.13,153.73,57.89,18.27496166,20.21255232,19.32878917
,,,,,,,301,27.76,163.36,61.52,20.68494201,9.142305923,19.10853273
,,,,,,,302,28.98,170.5,64.21,7.763373775,14.78160705,17.10004219
,,,,,,,303,30.4,178.88,67.36,9.398214402,12.5377581,8.310129746
,,,,,,,304,31.19,183.51,69.11,5.988911779,18.90754706,20.59685735
,,,,,,,305,29.64,174.38,65.67,3.259444834,18.64832627,15.90245326
,,,,,,,306,26.81,157.73,59.4,19.22812108,10.74835352,16.73971872
,,,,,,,307,22.28,131.07,49.36,15.79609879,18.50159638,8.604258199
,,,,,,,308,17.32,101.91,38.38,0.365809994,6.681030575,14.21586443
,,,,,,,309,13.22,77.76,29.28,18.89223623,18.38534118,3.384083068
,,,,,,,310,10.32,60.7,22.86,16.56164455,0.748279544,14.87107693
,,,,,,,311,7.2,42.38,15.96,8.62207046,22.81755548,12.24419987
,,,,,,,312,4.66,27.41,10.32,2.949764194,18.86838567,21.18670756
,,,,,,,313,2.88,16.96,6.39,2.30959594,20.33546231,6.360467318
,,,,,,,314,3.71,21.82,8.22,22.29940681,0.881146562,15.14632053
,,,,,,,315,1.36,7.99,3.01,9.430926484,7.223666289,4.335021592
,,,,,,,316,2.12,12.48,4.7,21.8802535,7.462407821,20.95906998
,,,,,,,317,3.96,23.31,8.78,9.973532243,19.83060046,7.868830094
,,,,,,,318,6.5,38.25,14.4,22.78048548,22.62730534,9.197626426
,,,,,,,319,9.93,58.42,22.0,19.23149875,14.01318905,4.264663257
,,,,,,,320,14.06,82.7,31.15,15.73403306,20.68806032,19.17812774
,,,,,,,321,18.37,108.1,40.71,16.93381871,18.55017513,7.316430765
,,,,,,,322,23.64,139.11,52.39,16.86256532,4.060053019,19.90645305
,,,,,,,323,27.01,158.91,59.84,1.265805435,14.40186107,15.85215708
,,,,,,,324,27.7,163.02,61.39,15.48329493,17.21800765,12.35157196
,,,,,,,325,27.58,162.27,61.11,18.92938599,10.32601878,18.59871966
,,,,,,,326,26.75,157.41,59.28,2.520174185,9.721716887,2.471478422
,,,,,,,327,26.18,154.05,58.01,9.552429765,6.149348373,12.13103032
,,,,,,,328,25.04,147.33,55.48,1.346191502,13.38361497,9.699591397
,,,,,,,329,23.83,140.23,52.81,7.599634123,8.188974044,3.219687622
,,,,,,,330,21.36,125.66,47.32,15.38487228,14.8034216,2.865387496
,,,,,,,331,18.37,108.1,40.71,3.811056291,19.94263008,0.452319056
,,,,,,,332,14.69,86.44,32.55,18.48139515,17.16266667,12.72480258
,,,,,,,333,11.71,68.88,25.94,11.54786509,16.6928521,20.34006695
,,,,,,,334,9.1,53.57,20.17,15.82383417,7.764547932,18.14071164
,,,,,,,335,6.56,38.62,14.55,18.70855094,19.69761919,19.72022342
,,,,,,,336,4.47,26.3,9.9,21.17030856,8.029781586,1.471181895
,,,,,,,337,1.62,9.51,3.58,19.15728494,22.20768903,6.608312499
,,,,,,,338,1.22,7.17,2.7,16.07519902,3.256808908,10.37946247
,,,,,,,339,1.75,10.29,3.88,21.62746276,13.79370102,14.5696687
,,,,,,,340,4.0,23.55,8.87,3.946796655,9.217591219,8.55709979
,,,,,,,341,8.24,48.5,18.27,14.48438586,19.18434778,3.440822879
,,,,,,,342,13.41,78.92,29.72,16.80486059,15.24969338,4.750115291
,,,,,,,343,16.79,98.8,37.21,2.483247655,12.17228968,15.19699919
,,,,,,,344,19.24,113.23,42.64,7.448172287,1.932380798,10.57491891
,,,,,,,345,20.24,119.08,44.84,3.259252788,4.374236229,18.75601308
,,,,,,,346,21.43,126.1,47.49,15.9153237,15.05887011,8.229837578
,,,,,,,347,25.41,149.49,56.3,10.48018054,17.55676397,0.203309809
,,,,,,,348,27.06,159.24,59.97,3.797810703,15.12436542,4.160366445
,,,,,,,349,27.86,163.92,61.73,17.79279314,19.03932196,12.54500296
,,,,,,,350,27.33,160.8,60.55,22.41419742,22.74019714,12.34099137
,,,,,,,351,27.06,159.24,59.97,20.45365194,17.57338949,17.82261818
,,,,,,,352,25.94,152.61,57.47,0.596107847,7.76227251,1.785738436
,,,,,,,353,24.61,144.81,54.53,0.785191964,13.99090199,1.343188946
,,,,,,,354,21.76,128.04,48.22,5.326307286,2.119389716,7.599802206
,,,,,,,355,18.12,106.6,40.14,14.66078908,13.61260912,4.132184195
,,,,,,,356,13.81,81.26,30.6,3.082387279,22.55384987,10.65909578
,,,,,,,357,10.5,61.76,23.26,15.03903745,18.74366119,22.39200017
,,,,,,,358,7.32,43.05,16.21,9.153127536,1.360329004,18.76059622
,,,,,,,359,4.53,26.67,10.04,6.374576132,18.16619143,21.69358574
,,,,,,,360,2.68,15.75,5.93,19.91768047,2.754893756,2.114426016
,,,,,,,361,2.49,14.67,5.53,1.919358096,18.13784775,22.93323142
,,,,,,,362,1.8,10.6,3.99,10.00304181,7.614170487,16.15011042
,,,,,,,363,1.66,9.78,3.68,9.813025916,3.765262354,20.1241249
,,,,,,,364,2.46,14.47,5.45,12.31497386,12.19088472,7.222733785
,,,,,,,365,4.43,26.09,9.82,3.673074533,12.84290735,20.23029787
,,,,,,,366,7.27,42.8,16.12,9.639291181,14.57687437,18.92350928
,,,,,,,367,10.98,64.61,24.33,13.98715102,12.8872599,7.550393777
,,,,,,,368,15.0,88.25,33.23,4.796221272,4.109363503,2.143589113
,,,,,,,369,18.95,111.48,41.98,11.84066076,8.596857745,12.00147472
,,,,,,,370,21.02,123.71,46.59,9.242626168,20.47371111,7.167804417
,,,,,,,371,21.68,127.58,48.05,2.923313918,18.62608326,12.57921333
,,,,,,,372,22.62,133.08,50.12,12.13620765,21.30474389,3.687547216
,,,,,,,373,24.07,141.64,53.34,22.678064,20.36468099,12.9730191
,,,,,,,374,25.15,147.96,55.72,8.010432114,6.690052503,6.738399764
,,,,,,,375,26.32,154.89,58.33,4.828483304,10.77037689,16.38192758
,,,,,,,376,26.98,158.76,59.79,17.20012578,5.522105283,15.39615348
,,,,,,,377,25.67,151.02,56.87,20.18459643,14.20686386,11.12083801
,,,,,,,378,23.24,136.75,51.5,22.87339738,6.008774372,4.735624209
,,,,,,,379,19.29,113.52,42.75,8.55323087,9.130910561,7.471601771
,,,,,,,380,14.93,87.84,33.08,2.175640902,10.04563567,20.28396749
,,,,,,,381,11.4,67.05,25.25,4.025804397,0.996316198,5.928436939
,,,,,,,382,8.83,51.97,19.57,17.82243921,4.472558932,1.966023821
,,,,,,,383,6.2,36.48,13.74,21.5085197,4.454560279,10.32764601
,,,,,,,384,3.95,23.23,8.75,1.998173316,16.61591422,20.75091329
,,,,,,,385,1.69,9.92,3.74,20.00072513,13.95641384,17.90429207
,,,,,,,386,1.24,7.28,2.74,21.73643055,9.652456844,22.41659404
,,,,,,,387,1.74,10.25,3.86,19.57485869,3.963725381,5.508725573
,,,,,,,388,4.05,23.82,8.97,21.14369709,20.96643379,21.95669885
,,,,,,,389,8.71,51.27,19.31,18.40809268,19.87658822,5.157716842
,,,,,,,390,14.0,82.37,31.02,3.966700901,14.96056061,14.29443717
,,,,,,,391,17.32,101.88,38.37,14.17000629,11.83775171,13.31714635
,,,,,,,392,19.85,116.77,43.97,13.79071091,14.35181821,18.67713768
,,,,,,,393,20.91,123.06,46.34,5.94517913,15.92311611,4.246980319
,,,,,,,394,20.01,117.76,44.35,4.542321201,1.641917095,12.75214328
,,,,,,,395,19.9,117.1,44.1,6.581807162,20.9499056,14.00825877
,,,,,,,396,20.63,121.4,45.72,19.2892987,1.128389939,10.02223366
,,,,,,,397,21.93,129.01,48.58,3.283114616,4.748846073,6.141389062
,,,,,,,398,22.77,133.97,50.45,12.56187875,15.84896774,15.11252115
,,,,,,,399,24.62,144.89,54.56,1.230800832,9.969644592,20.48664467
,,,,,,,400,26.14,153.82,57.93,4.606585491,15.8096642,20.27574606
,,,,,,,401,25.41,149.52,56.31,20.92554909,12.95444677,14.13501217
,,,,,,,402,23.89,140.59,52.94,15.15981317,16.42284647,14.83603641
,,,,,,,403,19.68,115.78,43.6,17.83699636,17.34550334,0.984349839
,,,,,,,404,14.45,85.01,32.02,0.469571937,2.701245056,20.0555809
,,,,,,,405,10.46,61.53,23.17,6.159119393,13.08486014,10.60602688
,,,,,,,406,7.87,46.31,17.44,10.62279458,8.519791244,20.2619507
,,,,,,,407,4.67,27.46,10.34,20.42848775,21.6217371,5.555103336
,,,,,,,408,2.64,15.55,5.85,4.193321185,4.342875369,5.207961765
,,,,,,,409,1.76,10.36,3.9,18.39271049,4.683822567,1.203767078
,,,,,,,410,1.29,7.6,2.86,20.73718713,5.063022597,4.847439327
,,,,,,,411,1.82,10.71,4.03,16.87337218,11.3319625,18.0532568
,,,,,,,412,4.23,24.87,9.36,2.434211785,7.785649209,2.9858172
,,,,,,,413,9.1,53.54,20.16,18.76859364,21.68060796,19.08312547
,,,,,,,414,14.62,86.0,32.39,1.877918231,15.22826248,13.71987063
,,,,,,,415,18.08,106.38,40.06,16.11034223,18.01148446,0.883680146
,,,,,,,416,20.72,121.92,45.91,14.17742516,5.344777245,0.009351957
,,,,,,,417,21.84,128.48,48.39,0.1776446,0.484823954,4.044548689
,,,,,,,418,20.9,122.96,46.3,1.727469419,21.54298685,5.162264591
,,,,,,,419,20.78,122.27,46.04,15.35862349,14.56091687,12.20040414
,,,,,,,420,21.54,126.76,47.74,2.305557139,8.671467645,11.17685556
,,,,,,,421,22.89,134.7,50.73,15.72374046,19.25846514,3.958579387
,,,,,,,422,23.77,139.88,52.68,2.263918703,19.18608637,14.27753203
,,,,,,,423,25.71,151.28,56.97,13.06544842,7.833566477,13.21165702
,,,,,,,424,27.3,160.61,60.48,0.391389049,9.924642596,18.74976337
,,,,,,,425,26.53,156.12,58.79,16.33243356,2.007895378,22.13765652
,,,,,,,426,24.95,146.79,55.28,6.176241281,13.84205037,18.4061128
,,,,,,,427,20.54,120.89,45.52,5.792496012,15.97602922,16.16023183
,,,,,,,428,15.09,88.76,33.43,1.574235115,19.91390143,21.22353326
,,,,,,,429,10.92,64.24,24.19,2.244695958,18.19842863,20.01945639
,,,,,,,430,8.22,48.35,18.21,19.21445393,16.21545834,15.78593137
,,,,,,,431,4.87,28.67,10.8,3.626298776,19.5464787,4.218686587
,,,,,,,432,2.76,16.23,6.11,13.74640781,2.472448294,1.487952478
,,,,,,,433,1.86,10.95,4.12,12.5422141,21.65484262,11.88637181
,,,,,,,434,1.36,8.03,3.02,17.20982324,12.09990207,17.11479032
,,,,,,,435,1.92,11.31,4.26,4.256281297,9.74999499,18.92889348
,,,,,,,436,4.46,26.27,9.89,7.040949377,15.57990331,14.23846672
,,,,,,,437,9.61,56.55,21.3,8.088929907,10.31453355,7.812741361
,,,,,,,438,15.44,90.85,34.21,5.556519652,6.582950539,12.54289236
,,,,,,,439,19.1,112.37,42.32,5.465178543,11.22866179,19.08896467
,,,,,,,440,21.89,128.79,48.5,5.288169455,22.5154019,8.075661823
,,,,,,,441,23.07,135.72,51.11,3.78491865,11.20457347,21.91954707
,,,,,,,442,22.07,129.89,48.91,18.07952599,17.78257263,8.758030722
,,,,,,,443,21.95,129.16,48.64,21.64895309,14.07903812,16.75815721
,,,,,,,444,22.76,133.9,50.42,21.76162744,17.58517399,0.845186151
,,,,,,,445,24.18,142.29,53.58,0.17070992,19.94725818,18.69305745
,,,,,,,446,25.11,147.76,55.65,21.06008498,6.52426401,7.933144105
,,,,,,,447,27.16,159.8,60.18,11.95385128,6.739110106,0.470673148
,,,,,,,448,28.83,169.65,63.89,7.196347537,20.90127948,2.981397197
,,,,,,,449,28.03,164.91,62.1,19.90365501,19.08230707,22.38373927
,,,,,,,450,26.35,155.06,58.39,13.49833982,20.66275877,3.708235692
,,,,,,,451,21.7,127.7,48.09,16.21709728,0.982608311,11.12076608
,,,,,,,452,15.94,93.77,35.31,2.797831451,6.210720828,4.727151707
,,,,,,,453,11.53,67.86,25.56,0.740543701,2.901002974,1.712505408
,,,,,,,454,8.68,51.08,19.24,1.370510171,5.80214172,0.229545152
,,,,,,,455,5.15,30.28,11.4,0.552474034,11.16549683,19.38602222
,,,,,,,456,2.91,17.15,6.46,19.68916101,9.286241671,12.12869217
,,,,,,,457,2.86,16.85,6.35,19.52018294,4.861344968,0.947908664
,,,,,,,458,2.02,11.89,4.48,4.391515137,5.278762648,11.13609147
,,,,,,,459,1.96,11.51,4.34,11.40194431,1.826289148,13.31919583
,,,,,,,460,2.74,16.15,6.08,21.93927663,14.78992492,22.47893075
,,,,,,,461,5.09,29.95,11.28,4.983639254,0.098633465,15.24995057
,,,,,,,462,8.36,49.18,18.52,16.24500301,2.012934195,6.379837491
,,,,,,,463,12.69,74.67,28.12,6.893274856,16.18943925,6.064088167
,,,,,,,464,17.24,101.41,38.19,14.02320827,15.10795049,12.36432922
,,,,,,,465,21.85,128.57,48.42,21.63825069,20.81321614,9.390576257
,,,,,,,466,24.2,142.38,53.62,3.727611538,17.43126919,6.956124947
,,,,,,,467,24.98,147.01,55.36,16.40488911,22.37669524,18.18668441
,,,,,,,468,26.13,153.73,57.89,5.586374246,14.13844063,19.56822902
,,,,,,,469,27.76,163.36,61.52,1.842738429,2.570049394,5.710497716
,,,,,,,470,28.98,170.5,64.21,16.8714897,21.88404277,20.5967265
,,,,,,,471,30.4,178.88,67.36,13.96550678,14.70479219,15.16468314
,,,,,,,472,31.19,183.51,69.11,14.17199539,18.06013351,2.183979929
,,,,,,,473,29.64,174.38,65.67,22.9820061,1.896627836,7.10571387
,,,,,,,474,26.81,157.73,59.4,11.11715697,17.93008718,2.568587548
,,,,,,,475,22.28,131.07,49.36,20.18127966,18.92126662,20.2413183
,,,,,,,476,17.32,101.91,38.38,7.975575783,16.89526156,0.707622066
,,,,,,,477,13.22,77.76,29.28,12.14774678,16.6784177,21.97168985
,,,,,,,478,10.32,60.7,22.86,5.22231406,1.450891383,18.72817971
,,,,,,,479,7.2,42.38,15.96,0.013198506,14.04957845,15.73586573
,,,,,,,480,4.66,27.41,10.32,7.531813168,4.306346107,12.91808603
